class,x-nose,y-nose,z-nose,v-nose,x-left_eye(inner),y-left_eye(inner),z-left_eye(inner),v-left_eye(inner),x-left_eye,y-left_eye,z-left_eye,v-left_eye,x-left_eye(outer),y-left_eye(outer),z-left_eye(outer),v-left_eye(outer),x-right_eye(inner),y-right_eye(inner),z-right_eye(inner),v-right_eye(inner),x-right_eye,y-right_eye,z-right_eye,v-right_eye,x-right_eye(outer),y-right_eye(outer),z-right_eye(outer),v-right_eye(outer),x-left_ear,y-left_ear,z-left_ear,v-left_ear,x-right_ear,y-right_ear,z-right_ear,v-right_ear,x-mouth(left),y-mouth(left),z-mouth(left),v-mouth(left),x-mouth(right),y-mouth(right),z-mouth(right),v-mouth(right),x-left_shoulder,y-left_shoulder,z-left_shoulder,v-left_shoulder,x-right_shoulder,y-right_shoulder,z-right_shoulder,v-right_shoulder,x-left_elbow,y-left_elbow,z-left_elbow,v-left_elbow,x-right_elbow,y-right_elbow,z-right_elbow,v-right_elbow,x-left_wrist,y-left_wrist,z-left_wrist,v-left_wrist,x-right_wrist,y-right_wrist,z-right_wrist,v-right_wrist,x-left_pinky,y-left_pinky,z-left_pinky,v-left_pinky,x-right_pinky,y-right_pinky,z-right_pinky,v-right_pinky,x-left_index,y-left_index,z-left_index,v-left_index,x-right_index,y-right_index,z-right_index,v-right_index,x-left_thumb,y-left_thumb,z-left_thumb,v-left_thumb,x-right_thumb,y-right_thumb,z-right_thumb,v-right_thumb,x-left_hip,y-left_hip,z-left_hip,v-left_hip,x-right_hip,y-right_hip,z-right_hip,v-right_hip,x-left_knee,y-left_knee,z-left_knee,v-left_knee,x-right_knee,y-right_knee,z-right_knee,v-right_knee,x-left_ankle,y-left_ankle,z-left_ankle,v-left_ankle,x-right_ankle,y-right_ankle,z-right_ankle,v-right_ankle,x-left_heel,y-left_heel,z-left_heel,v-left_heel,x-right_heel,y-right_heel,z-right_heel,v-right_heel,x-left_foot_index,y-left_foot_index,z-left_foot_index,v-left_foot_index,x-right_foot_index,y-right_foot_index,z-right_foot_index,v-right_foot_index,left_elbow_angle,right_elbow_angle,left_shoulder_angle,right_shoulder_angle,left_knee_angle,right_knee_angle
Dog,0.5515252351760864,0.6797632575035095,-0.057470619678497314,0.9970356225967407,0.569217324256897,0.6946304440498352,-0.038422390818595886,0.9852107167243958,0.5730465054512024,0.691361129283905,-0.03882875666022301,0.9941006302833557,0.5764114856719971,0.6880623698234558,-0.03885725140571594,0.9859669804573059,0.568939745426178,0.6949623227119446,-0.0947905033826828,0.9904898405075073,0.5726779103279114,0.6918274164199829,-0.09528052061796188,0.9974059462547302,0.5767757892608643,0.6883512735366821,-0.0955703929066658,0.994451105594635,0.5901950597763062,0.6586987972259521,0.05270129069685936,0.9939337372779846,0.5923917293548584,0.6564213037490845,-0.20531229674816132,0.99498051404953,0.5494314432144165,0.6477170586585999,-0.00997190736234188,0.9796342253684998,0.5502820014953613,0.6476519107818604,-0.08879309892654419,0.9825994968414307,0.5698464512825012,0.5356983542442322,0.1656036376953125,0.997907280921936,0.5754736065864563,0.5310946702957153,-0.2610342502593994,0.9993626475334167,0.641179084777832,0.6933111548423767,0.23251008987426758,0.034625809639692307,0.6411181688308716,0.7133133411407471,-0.4864329993724823,0.9775263071060181,0.7241012454032898,0.803049623966217,8.296110900118947e-05,0.15663261711597443,0.7328132390975952,0.8359881043434143,-0.4730806052684784,0.9737417697906494,0.7533582448959351,0.8110500574111938,-0.005440684035420418,0.4684746265411377,0.7625555992126465,0.8491532206535339,-0.5386950373649597,0.9448211789131165,0.7580317258834839,0.8125309944152832,-0.06392143666744232,0.4938281178474426,0.7695090770721436,0.8433816432952881,-0.4945896565914154,0.9341689944267273,0.7470453977584839,0.8115233778953552,-0.02782614156603813,0.46495404839515686,0.7591425180435181,0.8380851745605469,-0.4593767821788788,0.8969883322715759,0.3890734910964966,0.22381336987018585,0.1544317603111267,0.9980143308639526,0.38221976161003113,0.19938033819198608,-0.15483655035495758,0.9985522627830505,0.2770054042339325,0.48701798915863037,0.18653739988803864,0.010646261274814606,0.27102208137512207,0.4828026294708252,-0.11309842020273209,0.8866548538208008,0.1864665299654007,0.738410472869873,0.30605337023735046,0.08452263474464417,0.17158907651901245,0.7630084156990051,-0.04500822350382805,0.9566884636878967,0.15773476660251617,0.7856660485267639,0.3089546859264374,0.2260950654745102,0.1417110562324524,0.8067233562469482,-0.046215251088142395,0.9562163949012756,0.2505244314670563,0.823384165763855,0.1918572038412094,0.27043500542640686,0.2441987544298172,0.8386399149894714,-0.19267459213733673,0.944812536239624,165.33776095799158,159.97006025368228,172.48349660909284,193.185848386443,175.63792007210097,177.65641676879164
Dog,0.49061352014541626,0.819926381111145,-0.06955260038375854,0.9980620741844177,0.5106585621833801,0.8454645872116089,-0.054815128445625305,0.9948846697807312,0.5139063596725464,0.8446334600448608,-0.055323921144008636,0.9964194297790527,0.5175822973251343,0.8438541889190674,-0.0553365983068943,0.9944214224815369,0.5123534202575684,0.8456863164901733,-0.12036171555519104,0.9974097609519958,0.5166398882865906,0.8453394174575806,-0.12088965624570847,0.998648464679718,0.5218242406845093,0.8447903394699097,-0.1212712749838829,0.998444139957428,0.5425674319267273,0.8222304582595825,0.037824325263500214,0.996369481086731,0.5481475591659546,0.821586012840271,-0.2598341405391693,0.9979498982429504,0.4946545660495758,0.785700798034668,-0.019324859604239464,0.9889416098594666,0.497037798166275,0.7861462831497192,-0.10992469638586044,0.9941049814224243,0.5523561835289001,0.6809812784194946,0.13153457641601562,0.995579183101654,0.5555751919746399,0.6906301379203796,-0.3429008424282074,0.9992289543151855,0.6801646947860718,0.8181523084640503,0.13886615633964539,0.051706280559301376,0.6940196752548218,0.8333698511123657,-0.560183048248291,0.9771156311035156,0.8072648048400879,0.9307843446731567,-0.0375281497836113,0.06291184574365616,0.8271267414093018,0.9530179500579834,-0.5400851964950562,0.983646035194397,0.8473556637763977,0.9338657855987549,-0.04593726992607117,0.13150745630264282,0.8753907680511475,0.9569518566131592,-0.6004993915557861,0.9671233296394348,0.85722815990448,0.9342858791351318,-0.09871998429298401,0.1350674331188202,0.8823289275169373,0.9501491785049438,-0.576919436454773,0.9643116593360901,0.8400870561599731,0.9336252212524414,-0.0636197105050087,0.11562114208936691,0.8614817261695862,0.9487717151641846,-0.535514235496521,0.9504081010818481,0.3923076391220093,0.2974817454814911,0.19048385322093964,0.9922143816947937,0.4019991159439087,0.3064735531806946,-0.19110241532325745,0.9959079027175903,0.2426082044839859,0.5791994333267212,0.18119126558303833,0.006946347188204527,0.2495623528957367,0.5952082276344299,-0.1660786271095276,0.7962324023246765,0.10685190558433533,0.864524245262146,0.1539381593465805,0.0217463206499815,0.10650140047073364,0.877792239189148,-0.15235067903995514,0.7911397814750671,0.06708768010139465,0.9163486957550049,0.14325258135795593,0.08417501300573349,0.0656096339225769,0.9268702268600464,-0.15374235808849335,0.8579073548316956,0.19354134798049927,0.947299599647522,0.01906752958893776,0.06166035309433937,0.19533702731132507,0.9569710493087769,-0.29137566685676575,0.7705727815628052,175.38618314756235,176.72362506044414,202.56709947728567,155.48635045982786,177.3976566839097,178.66647940801866
Dog,0.3929199278354645,0.36748263239860535,-0.44527584314346313,0.9984446167945862,0.38359710574150085,0.3411644697189331,-0.47952985763549805,0.9958381652832031,0.38640105724334717,0.33393606543540955,-0.4799460172653198,0.9963560104370117,0.38914382457733154,0.32696735858917236,-0.4800254702568054,0.9950534701347351,0.37776604294776917,0.346768856048584,-0.44494590163230896,0.9985111355781555,0.37627357244491577,0.34362590312957764,-0.4456641674041748,0.9991412162780762,0.37434065341949463,0.34015902876853943,-0.4461268484592438,0.9993159770965576,0.4027194678783417,0.29142796993255615,-0.5462579131126404,0.9984472393989563,0.3831786811351776,0.30796509981155396,-0.3850087821483612,0.9996200799942017,0.4132882356643677,0.35823822021484375,-0.4554804861545563,0.9967918992042542,0.40584757924079895,0.36584192514419556,-0.41157811880111694,0.9985407590866089,0.5049194097518921,0.2782367765903473,-0.5572865605354309,0.9983262419700623,0.4491819739341736,0.33791017532348633,-0.2852606475353241,0.9999090433120728,0.36583060026168823,0.35585296154022217,-0.7485662698745728,0.8760799169540405,0.39004895091056824,0.574355959892273,-0.2852475047111511,0.4086797535419464,0.1870247721672058,0.34098830819129944,-0.8533644676208496,0.9147182106971741,0.37127774953842163,0.8001225590705872,-0.3940502107143402,0.926435649394989,0.13778162002563477,0.3464709520339966,-0.9298312664031982,0.9570171236991882,0.33276399970054626,0.8183116316795349,-0.4188963770866394,0.9578871726989746,0.13278919458389282,0.312557578086853,-0.9233877658843994,0.9635448455810547,0.3338521122932434,0.826602578163147,-0.46179094910621643,0.9629776477813721,0.14849752187728882,0.31091687083244324,-0.8595440983772278,0.9475494623184204,0.35394424200057983,0.8269047737121582,-0.41731777787208557,0.9647412896156311,0.7239252328872681,0.4477076828479767,-0.10307446867227554,0.9998811483383179,0.6678726673126221,0.406134694814682,0.10215059667825699,0.9999266862869263,0.7344301342964172,0.7697160243988037,-0.03997649997472763,0.6365511417388916,0.7691274881362915,0.35658809542655945,0.5511295199394226,0.048635903745889664,0.8313788771629333,0.6928638219833374,0.3133629262447357,0.4270048141479492,0.8693003058433533,0.2980823516845703,0.8859195709228516,0.09389376640319824,0.8367004990577698,0.6588735580444336,0.35115352272987366,0.5363637208938599,0.8934204578399658,0.2731231451034546,0.9245002269744873,0.18193984031677246,0.8755074739456177,0.697586178779602,0.41317614912986755,0.521098256111145,0.8995615839958191,0.3854442834854126,1.014663815498352,0.12980708479881287,202.8063393876993,165.79372702678228,226.19288451260775,100.21247272177553,66.13734267027392,177.07075320944583
Dog,0.5390422940254211,0.6563857793807983,-0.012095265090465546,0.9957125186920166,0.5512679815292358,0.6658819913864136,-0.0017923841951414943,0.9842748045921326,0.5534201264381409,0.6639936566352844,-0.002055597957223654,0.9924140572547913,0.5553529858589172,0.6618349552154541,-0.00205821986310184,0.9853223562240601,0.5510501265525818,0.6653316020965576,-0.035561759024858475,0.989916980266571,0.5530374646186829,0.6631906032562256,-0.035871684551239014,0.9964840412139893,0.555092453956604,0.6606307029724121,-0.03606326878070831,0.9941056966781616,0.5646226406097412,0.6411247253417969,0.049137577414512634,0.991132915019989,0.565266489982605,0.6391550302505493,-0.10469134151935577,0.9928746223449707,0.5379581451416016,0.6327632665634155,0.016105515882372856,0.9728960990905762,0.5384513139724731,0.6330123543739319,-0.03132912144064903,0.977728009223938,0.5627027153968811,0.561540961265564,0.121333047747612,0.9976824522018433,0.5652267336845398,0.5640375018119812,-0.14130698144435883,0.9993081092834473,0.6065288782119751,0.6781715750694275,0.16069425642490387,0.0193003099411726,0.6068528890609741,0.694025456905365,-0.2901574671268463,0.9478002190589905,0.6519309282302856,0.7724213600158691,0.016194311901926994,0.08075353503227234,0.660769522190094,0.8060904741287231,-0.28377485275268555,0.9662103056907654,0.6670476794242859,0.7845849394798279,0.013350126333534718,0.2642628252506256,0.678030252456665,0.8179529309272766,-0.3251212537288666,0.9400373101234436,0.6715369820594788,0.7845817804336548,-0.023243902251124382,0.2746441960334778,0.6845332384109497,0.8104211688041687,-0.2949587106704712,0.9299013018608093,0.6656407117843628,0.7815277576446533,-0.0012483831960707903,0.24428260326385498,0.6789189577102661,0.8063111305236816,-0.2745973765850067,0.8893234133720398,0.44834116101264954,0.36947938799858093,0.09479483962059021,0.9960552453994751,0.4489150047302246,0.3682475984096527,-0.09511347115039825,0.9973000884056091,0.3882209062576294,0.5783259868621826,0.10313109308481216,0.005068592727184296,0.3869299292564392,0.5811523795127869,-0.0920279324054718,0.7675086855888367,0.3257315456867218,0.764559805393219,0.1443650722503662,0.050558533519506454,0.32013949751853943,0.7851149439811707,-0.06589416414499283,0.9143095016479492,0.3105996251106262,0.7969883680343628,0.14200663566589355,0.15493695437908173,0.30368003249168396,0.8143013119697571,-0.06781217455863953,0.9378589391708374,0.37464025616645813,0.8077103495597839,0.06157262623310089,0.16820640861988068,0.3715667724609375,0.8215547204017639,-0.15694169700145721,0.909839391708374,173.1357748822062,169.42414045734705,167.27240971482624,196.83747262567638,183.55119898489542,182.75491901547431
Dog,0.6137821078300476,0.6903448104858398,-0.08246850967407227,0.9969494938850403,0.6388843059539795,0.6911070942878723,-0.05513076111674309,0.9879165887832642,0.6414530873298645,0.6859949827194214,-0.055687565356492996,0.994515597820282,0.643734335899353,0.6808441281318665,-0.05568023771047592,0.9885894060134888,0.6388660669326782,0.6913461685180664,-0.13090065121650696,0.9924209713935852,0.6413106322288513,0.686446487903595,-0.131590336561203,0.9976831674575806,0.6439406275749207,0.6810405850410461,-0.13200022280216217,0.9959213733673096,0.65507572889328,0.6429798007011414,0.06638813018798828,0.9949911236763,0.6571128368377686,0.6427531838417053,-0.2801818549633026,0.9959489107131958,0.6018320918083191,0.6602153778076172,-0.020903298631310463,0.985527515411377,0.6024484634399414,0.6602739691734314,-0.12674613296985626,0.9891408681869507,0.6173727512359619,0.5261498093605042,0.21396303176879883,0.9978187084197998,0.6151585578918457,0.5281774997711182,-0.36181747913360596,0.9995868802070618,0.7196738123893738,0.6680529117584229,0.3288724422454834,0.02768188901245594,0.7212943434715271,0.7088606357574463,-0.6720535755157471,0.9808387756347656,0.8111094236373901,0.7812789678573608,0.07377014309167862,0.0988573431968689,0.8471585512161255,0.8371791839599609,-0.698193371295929,0.9822012782096863,0.8407560586929321,0.7912077903747559,0.07200635969638824,0.3067113757133484,0.8852791786193848,0.8574026823043823,-0.7960928082466125,0.9617617130279541,0.8501474261283875,0.7839933633804321,-0.009446458891034126,0.327777236700058,0.8968749046325684,0.8456028699874878,-0.7343741059303284,0.9520506858825684,0.8379682898521423,0.7813564538955688,0.03622804209589958,0.30278462171554565,0.8839527368545532,0.8355612754821777,-0.6810510754585266,0.9187012910842896,0.36838722229003906,0.22919021546840668,0.20308703184127808,0.9978641867637634,0.3503248989582062,0.2089424431324005,-0.20352186262607574,0.9987816214561462,0.22234675288200378,0.4990611970424652,0.2883886396884918,0.007895558141171932,0.20785768330097198,0.49622201919555664,-0.1450897455215454,0.8412731289863586,0.10236349701881409,0.742124080657959,0.4483729898929596,0.06010013073682785,0.06590339541435242,0.7655608654022217,-0.04830599203705788,0.9332163333892822,0.07677438855171204,0.7888762950897217,0.45168617367744446,0.18346261978149414,0.03439316153526306,0.8119927644729614,-0.048491477966308594,0.9371976852416992,0.19124184548854828,0.8200137615203857,0.29316630959510803,0.20797020196914673,0.161920964717865,0.8344303369522095,-0.24393339455127716,0.9118185043334961,176.18592516570965,165.14775650832652,175.4120218759275,189.7168215450681,177.4752937387009,181.67937872596042
Dog,0.5105081796646118,0.613146185874939,-0.02992135100066662,0.9992493987083435,0.48653310537338257,0.6319881677627563,-0.10162543505430222,0.998525083065033,0.48233941197395325,0.6318694353103638,-0.10217073559761047,0.998869001865387,0.4784907102584839,0.6318039894104004,-0.1020909771323204,0.9990276098251343,0.4873405396938324,0.6321488618850708,-0.0160574559122324,0.9986224174499512,0.48341917991638184,0.6326000690460205,-0.01684492826461792,0.9991050362586975,0.4792443811893463,0.633217453956604,-0.01696361042559147,0.9988706707954407,0.45017415285110474,0.6159045696258545,-0.3073084056377411,0.9989675283432007,0.45104989409446716,0.6166403293609619,0.08692748844623566,0.9947899580001831,0.507156252861023,0.593311071395874,-0.08252641558647156,0.9964346885681152,0.5107560157775879,0.5925026535987854,0.027694936841726303,0.993922233581543,0.4374447166919708,0.5307103395462036,-0.41125014424324036,0.9998362064361572,0.4261172413825989,0.49908965826034546,0.3047555685043335,0.9983391761779785,0.3534683585166931,0.6786960363388062,-0.6726441979408264,0.988058865070343,0.3454359471797943,0.6118083000183105,0.4487926661968231,0.027992717921733856,0.22327476739883423,0.7819462418556213,-0.6878517866134644,0.9943137168884277,0.23215243220329285,0.6837553977966309,0.18519853055477142,0.2493026703596115,0.17636263370513916,0.7898668050765991,-0.7812912464141846,0.9905620217323303,0.1917268931865692,0.6903640031814575,0.16769661009311676,0.5117399096488953,0.1701146960258484,0.7794302701950073,-0.7316575050354004,0.9886996150016785,0.1886233687400818,0.6909992694854736,0.09801200032234192,0.5177580714225769,0.18605881929397583,0.7769286632537842,-0.6678668856620789,0.9795860648155212,0.20237472653388977,0.6917231678962708,0.1462397575378418,0.463663786649704,0.7233626842498779,0.26816195249557495,-0.25708985328674316,0.9988061189651489,0.683866024017334,0.25501230359077454,0.2564791738986969,0.9986041188240051,0.8280821442604065,0.4993397891521454,0.0860811397433281,0.8394938707351685,0.7661740779876709,0.46604400873184204,0.5876131653785706,0.008066522888839245,0.9217941164970398,0.737500786781311,0.35709837079048157,0.9665834903717041,0.8156253099441528,0.617694616317749,0.9659872651100159,0.10500171780586243,0.9485543966293335,0.7644476294517517,0.36451810598373413,0.9706986546516418,0.8390921354293823,0.6381407976150513,0.9942507147789001,0.1845117211341858,0.8016548752784729,0.7697482109069824,0.1424437314271927,0.9824557304382324,0.7459032535552979,0.6922268867492676,0.8484248518943787,0.2734737694263458,202.37082667953453,202.19485954873448,198.1925569027463,168.87755874137937,182.65138509986957,183.40918150515608
Dog,0.40262919664382935,0.6714164614677429,0.006855993997305632,0.994109034538269,0.38569581508636475,0.6991475820541382,-0.03187764063477516,0.9897527694702148,0.3818897008895874,0.6970034837722778,-0.032305214554071426,0.9899972677230835,0.37811538577079773,0.694667398929596,-0.03223960101604462,0.9924774765968323,0.38699036836624146,0.7000007629394531,0.01605280302464962,0.993955671787262,0.38427960872650146,0.6986070871353149,0.01525033451616764,0.9960405826568604,0.38139262795448303,0.6973562240600586,0.014999862760305405,0.9964072108268738,0.3570687174797058,0.6645234227180481,-0.13464659452438354,0.9924127459526062,0.3608572781085968,0.668762743473053,0.08441521972417831,0.9889706373214722,0.39917486906051636,0.6320108771324158,-0.01662839576601982,0.9814978837966919,0.40075674653053284,0.6341687440872192,0.043620575219392776,0.9755048155784607,0.3535999655723572,0.5260387063026428,-0.17261813580989838,0.9993873834609985,0.3587508499622345,0.5228642821311951,0.18248198926448822,0.9972118735313416,0.26180821657180786,0.7525984048843384,-0.31488457322120667,0.6908733248710632,0.27573248744010925,0.7155755758285522,0.2168213278055191,0.0027355237398296595,0.14155027270317078,0.9060086011886597,-0.2981756627559662,0.6577509045600891,0.18924862146377563,0.8363317251205444,0.02790648862719536,0.01685718260705471,0.10600200295448303,0.9155464172363281,-0.34419211745262146,0.6486092209815979,0.15379437804222107,0.8322727680206299,0.009602523408830166,0.05239425599575043,0.09993964433670044,0.9044084548950195,-0.31792840361595154,0.6172564029693604,0.14974737167358398,0.8332769870758057,-0.03434647247195244,0.052667371928691864,0.11584314703941345,0.9008699655532837,-0.28785252571105957,0.5355214476585388,0.16239124536514282,0.8414380550384521,0.0016482151113450527,0.0434422604739666,0.5914165377616882,0.1412774622440338,-0.13120774924755096,0.9977124929428101,0.5798176527023315,0.16666795313358307,0.13090771436691284,0.997671902179718,0.7208251953125,0.47727876901626587,-0.055840447545051575,0.2362091839313507,0.7127254605293274,0.47395187616348267,0.10201731324195862,0.0008329162956215441,0.8462393283843994,0.8308954238891602,-0.03763357177376747,0.25673121213912964,0.8353228569030762,0.8157750368118286,0.16987644135951996,0.0016792812384665012,0.884554386138916,0.883966326713562,-0.04529364034533501,0.6581990122795105,0.8697041273117065,0.8617727756500244,0.17255276441574097,0.009153411723673344,0.7663130164146423,0.920290470123291,-0.14348337054252625,0.5008214712142944,0.7562176585197449,0.8908112049102783,0.10267560184001923,0.007685796357691288,198.51723088150246,194.76043209036624,191.98018793516354,169.58592932187497,182.26087433813888,185.18758189778734
Dog,0.5936446189880371,0.7271550893783569,0.009058425202965736,0.9958140254020691,0.6138331294059753,0.7327916622161865,0.01820763759315014,0.9810731410980225,0.6153061389923096,0.7294965386390686,0.017724858596920967,0.9937505125999451,0.6167921423912048,0.7255725860595703,0.01770751178264618,0.9830585718154907,0.6134785413742065,0.731562614440918,-0.020154714584350586,0.9859981536865234,0.6148824095726013,0.7273826599121094,-0.02067682147026062,0.9966172575950623,0.6166623830795288,0.7222051620483398,-0.020925944671034813,0.991782546043396,0.6233912110328674,0.6904041171073914,0.0650106891989708,0.993619978427887,0.6238216161727905,0.6856989860534668,-0.11021967977285385,0.9930481314659119,0.5867130756378174,0.6991299986839294,0.039537034928798676,0.9743846654891968,0.5872500538825989,0.6968452334403992,-0.015341960825026035,0.9752216339111328,0.5966252088546753,0.5734801292419434,0.12146645784378052,0.9986168146133423,0.5962508320808411,0.5865485668182373,-0.12333949655294418,0.9995577931404114,0.6733627319335938,0.7297296524047852,0.18447302281856537,0.03887560963630676,0.674782931804657,0.7645025849342346,-0.3004336953163147,0.9783803820610046,0.7389259338378906,0.8700729012489319,0.015660986304283142,0.17759117484092712,0.7617388963699341,0.8996716737747192,-0.259278267621994,0.9811347723007202,0.7681683301925659,0.8729510307312012,0.01790006458759308,0.5225884318351746,0.793859601020813,0.9106072783470154,-0.30358681082725525,0.9648082256317139,0.7716698050498962,0.8746773600578308,-0.02965449169278145,0.5422675013542175,0.7993568181991577,0.9044232964515686,-0.264695405960083,0.9574092030525208,0.7606121897697449,0.8748207092285156,-0.004766433034092188,0.5010066032409668,0.7864498496055603,0.8979628086090088,-0.24695274233818054,0.9373671412467957,0.41876184940338135,0.21843363344669342,0.09165416657924652,0.9982023239135742,0.4090617299079895,0.21921442449092865,-0.09214121848344803,0.9986575841903687,0.3313556909561157,0.5267885327339172,0.1547628939151764,0.009346790611743927,0.3266678750514984,0.533168613910675,-0.03412588685750961,0.8787511587142944,0.25607091188430786,0.8000069856643677,0.25609683990478516,0.10329896211624146,0.24937869608402252,0.8308432698249817,0.027660690248012543,0.9604460597038269,0.2357545644044876,0.8600741028785706,0.2582114338874817,0.3376651406288147,0.22983302175998688,0.8806833028793335,0.028062986209988594,0.9762393236160278,0.32103797793388367,0.8746338486671448,0.18627630174160004,0.3617570400238037,0.31870225071907043,0.8956607580184937,-0.05704287812113762,0.9653573632240295,182.29061004263855,169.74151050183772,180.0,183.88224201468446,179.4576422679277,179.65418992350553
Dog,0.575994610786438,0.8052076101303101,-0.025010813027620316,0.9957531690597534,0.591560959815979,0.8102273344993591,-0.013241034001111984,0.975683867931366,0.5928966403007507,0.8083176016807556,-0.013658138923346996,0.992895781993866,0.5938279032707214,0.8058072924613953,-0.013653635047376156,0.9777683615684509,0.5918704867362976,0.8093753457069397,-0.054896462708711624,0.982141375541687,0.5936493873596191,0.8069632053375244,-0.05539381504058838,0.9963866472244263,0.5951552987098694,0.8041204214096069,-0.05566819757223129,0.989935576915741,0.5996799468994141,0.7828619480133057,0.04714680090546608,0.9920424818992615,0.6010525226593018,0.7813186049461365,-0.14376193284988403,0.9923502802848816,0.5682886838912964,0.7849753499031067,0.010366680100560188,0.9708017706871033,0.5684543251991272,0.7848008275032043,-0.04876510053873062,0.9703477621078491,0.5736921429634094,0.6967572569847107,0.1337403506040573,0.9980517625808716,0.576157808303833,0.7036161422729492,-0.16609840095043182,0.9995433688163757,0.6387932300567627,0.799841046333313,0.22101819515228271,0.028607569634914398,0.6425354480743408,0.8330962061882019,-0.35642191767692566,0.9848490357398987,0.7089717388153076,0.8622890710830688,0.0383666567504406,0.1579541265964508,0.7293652296066284,0.9228432774543762,-0.3387410640716553,0.985519289970398,0.7331793308258057,0.8634343147277832,0.04357845336198807,0.5384265780448914,0.7576065063476562,0.9311472773551941,-0.39236581325531006,0.9665678143501282,0.7378573417663574,0.8659574389457703,-0.01277988962829113,0.5631662607192993,0.7641598582267761,0.9237391948699951,-0.34856554865837097,0.9586217999458313,0.7283695936203003,0.8711021542549133,0.014712966978549957,0.5265507102012634,0.7524920701980591,0.9204046130180359,-0.32468894124031067,0.9355871081352234,0.420315682888031,0.4430615305900574,0.1123436689376831,0.9982619881629944,0.4158127009868622,0.44687384366989136,-0.1127372607588768,0.9988471269607544,0.3352147340774536,0.6555324792861938,0.17104357481002808,0.00980527512729168,0.3297996520996094,0.6607382893562317,-0.09003116935491562,0.9361106157302856,0.2587284445762634,0.8320348262786865,0.28797486424446106,0.11828075349330902,0.2441335767507553,0.8615268468856812,-0.02760409750044346,0.9751781225204468,0.2313423901796341,0.8705004453659058,0.29118698835372925,0.3297129273414612,0.21676351130008698,0.8910707235336304,-0.02810175158083439,0.9807181358337402,0.31126224994659424,0.8904962539672852,0.20613142848014832,0.39167365431785583,0.3034185767173767,0.9112319946289062,-0.13261908292770386,0.9754655957221985,163.94612466252667,161.80793009387014,181.11552107980032,185.76004348795783,182.17646434697852,181.6350442839241
Dog,0.3298403024673462,0.773551881313324,-0.09722384810447693,0.9966301321983337,0.30701693892478943,0.7699604034423828,-0.1457671821117401,0.9951816201210022,0.3064860701560974,0.7671098709106445,-0.14626190066337585,0.9947831034660339,0.30621403455734253,0.7640671133995056,-0.14630964398384094,0.9967198967933655,0.3075493276119232,0.7716506719589233,-0.07273973524570465,0.996207594871521,0.307561457157135,0.7698678970336914,-0.07341274619102478,0.9968146681785583,0.3075132369995117,0.7678985595703125,-0.07359558343887329,0.9972562193870544,0.30560219287872314,0.7421950101852417,-0.2833142876625061,0.9962142109870911,0.3058314025402069,0.7458988428115845,0.04815799370408058,0.9889113903045654,0.34658747911453247,0.760319709777832,-0.13430269062519073,0.9902034997940063,0.34811633825302124,0.7624946236610413,-0.041865263134241104,0.9836428165435791,0.3515298664569855,0.6804945468902588,-0.44222861528396606,0.9991316199302673,0.359874427318573,0.6848832964897156,0.23775315284729004,0.9947803616523743,0.2663322985172272,0.7900830507278442,-0.6812300682067871,0.802232027053833,0.2713438868522644,0.7812833189964294,0.2474449723958969,0.005646942649036646,0.1801636815071106,0.8865851759910583,-0.6785903573036194,0.5717251896858215,0.19438546895980835,0.8730294108390808,-0.03820541501045227,0.01736861653625965,0.15072205662727356,0.898316502571106,-0.7600826025009155,0.5149373412132263,0.1689770221710205,0.880475640296936,-0.06591002643108368,0.041659802198410034,0.14316633343696594,0.8936740159988403,-0.7222797274589539,0.48130813241004944,0.16618523001670837,0.8794218301773071,-0.12618951499462128,0.041549310088157654,0.1525072455406189,0.8892868757247925,-0.6646670699119568,0.38907405734062195,0.1737631857395172,0.8769934177398682,-0.07722381502389908,0.039782628417015076,0.5841734409332275,0.4920292794704437,-0.22319307923316956,0.9977188110351562,0.5850957036018372,0.5057752728462219,0.22296544909477234,0.9978780746459961,0.7176070809364319,0.6742737889289856,-0.13293853402137756,0.1820489764213562,0.7129303216934204,0.6737712621688843,0.27335065603256226,0.002099827863276005,0.837637186050415,0.8504378795623779,-0.03317108377814293,0.23293352127075195,0.8282517790794373,0.8449907302856445,0.414048433303833,0.006726390682160854,0.8749089241027832,0.8767510652542114,-0.03747875615954399,0.5567203760147095,0.8647735118865967,0.8676865696907043,0.4196523129940033,0.031310584396123886,0.7610940337181091,0.9028043746948242,-0.22733698785305023,0.3604469299316406,0.7586906552314758,0.89391028881073,0.2764604985713959,0.015236826613545418,184.1608020686128,177.71303354959986,193.40684664946525,170.59530384173468,181.8713084625994,182.93604431514922
Dog,0.5391186475753784,0.6549339294433594,-0.021903835237026215,0.9973113536834717,0.5516325235366821,0.664219856262207,-0.011511332355439663,0.9912601113319397,0.5537835955619812,0.66239333152771,-0.011771957390010357,0.9954341053962708,0.5555953979492188,0.6603957414627075,-0.011778765358030796,0.9919963479042053,0.5514054298400879,0.6636452674865723,-0.04653487354516983,0.9943932294845581,0.553386390209198,0.6615122556686401,-0.046836234629154205,0.9978252649307251,0.5552762150764465,0.6591243743896484,-0.04702256619930267,0.9965879917144775,0.5647165179252625,0.6403607726097107,0.039954446256160736,0.995114803314209,0.5652164220809937,0.6382178068161011,-0.11949454247951508,0.9955044388771057,0.5383118987083435,0.6318639516830444,0.006345631089061499,0.9846481084823608,0.5388160943984985,0.632071852684021,-0.04270268604159355,0.9871723055839539,0.5638194680213928,0.5610475540161133,0.11277961730957031,0.9983444213867188,0.5656614303588867,0.5619984865188599,-0.15980149805545807,0.9993840456008911,0.6067764163017273,0.6766302585601807,0.14820823073387146,0.029539283365011215,0.6066920161247253,0.6928490400314331,-0.31405386328697205,0.9462436437606812,0.6517833471298218,0.7731515169143677,0.004489812534302473,0.10731005668640137,0.6603342294692993,0.8055827617645264,-0.3196295499801636,0.9620660543441772,0.6671844720840454,0.7850256562232971,-0.00030084684840403497,0.30201172828674316,0.6773847341537476,0.8173355460166931,-0.363809198141098,0.9354975819587708,0.6710125803947449,0.7852495908737183,-0.03594532608985901,0.3127070665359497,0.6837217807769775,0.8104479312896729,-0.3345310688018799,0.9248180985450745,0.665163516998291,0.7826508283615112,-0.012902573682367802,0.2758637070655823,0.6781139969825745,0.8068627119064331,-0.31129300594329834,0.8818373084068298,0.4488435387611389,0.37006014585494995,0.09824535995721817,0.9970163106918335,0.44855737686157227,0.3676738142967224,-0.09854184836149216,0.997900128364563,0.38756126165390015,0.5783551335334778,0.11354105919599533,0.007940683513879776,0.3860763609409332,0.5808320641517639,-0.09369370341300964,0.8200295567512512,0.32563120126724243,0.7657598853111267,0.1544497013092041,0.08047690242528915,0.3194560110569,0.7872195243835449,-0.062169112265110016,0.9384560585021973,0.31048405170440674,0.7998874187469482,0.15189674496650696,0.20875178277492523,0.30289435386657715,0.8176862001419067,-0.0635448470711708,0.9501656889915466,0.3752322494983673,0.8108837604522705,0.06545648723840714,0.23914456367492676,0.37007084488868713,0.8265674114227295,-0.15808118879795074,0.9312403798103333,173.7162841137374,169.1183391442724,166.50445604412525,197.78476040150642,182.8797359422553,182.41012723221212
Dog,0.5130598545074463,0.6869475245475769,-0.08073202520608902,0.9954610466957092,0.5307188034057617,0.7105609774589539,-0.061750929802656174,0.986650824546814,0.5347781777381897,0.7081032395362854,-0.06220342591404915,0.9913868308067322,0.5386277437210083,0.7059792876243591,-0.06218233332037926,0.986133873462677,0.5312970280647278,0.7108932733535767,-0.12875354290008545,0.9923399686813354,0.5358942151069641,0.7082809805870056,-0.12926623225212097,0.996547281742096,0.5408313274383545,0.7057740092277527,-0.12960243225097656,0.9954864382743835,0.5597580075263977,0.6810920834541321,0.040734726935625076,0.9898911714553833,0.5652705430984497,0.6784541606903076,-0.26506438851356506,0.9937840700149536,0.5147140026092529,0.6586169004440308,-0.02692692168056965,0.9683842062950134,0.5159679055213928,0.6602180004119873,-0.1200537234544754,0.9806602597236633,0.5621768236160278,0.5597880482673645,0.16606488823890686,0.9950902462005615,0.5734941959381104,0.5624068975448608,-0.3504349887371063,0.9988864064216614,0.6543232202529907,0.7065163850784302,0.21620459854602814,0.026243818923830986,0.6741851568222046,0.736798882484436,-0.5974922776222229,0.9350283741950989,0.7463380694389343,0.8071315884590149,-0.005023533012717962,0.0584997721016407,0.7804659605026245,0.8525320887565613,-0.5859360098838806,0.9472609758377075,0.7830398082733154,0.8168250322341919,-0.014126274734735489,0.1510162651538849,0.8216352462768555,0.8732178211212158,-0.657255232334137,0.9007374048233032,0.7930514812469482,0.8183828592300415,-0.07458258420228958,0.16109222173690796,0.8276565670967102,0.8665626049041748,-0.6215257048606873,0.8883710503578186,0.7792860269546509,0.8191900849342346,-0.03502216190099716,0.13886593282222748,0.8138574361801147,0.8596291542053223,-0.5769063830375671,0.8355903029441833,0.3909774422645569,0.24156084656715393,0.19125770032405853,0.9937856197357178,0.3902283310890198,0.23280756175518036,-0.19179680943489075,0.9961674809455872,0.24747467041015625,0.5155988335609436,0.20739300549030304,0.0030027737375348806,0.24562853574752808,0.5127353072166443,-0.19103284180164337,0.5362244844436646,0.11657470464706421,0.7806796431541443,0.25768572092056274,0.018390264362096786,0.11054173111915588,0.791649580001831,-0.1355704814195633,0.6580989360809326,0.0887153148651123,0.8223073482513428,0.25281211733818054,0.07085739821195602,0.07915472984313965,0.8326717019081116,-0.13586769998073578,0.7306377291679382,0.19476933777332306,0.8489878177642822,0.10529238730669022,0.0650450810790062,0.1909371167421341,0.8565405607223511,-0.30125054717063904,0.6327231526374817,169.40630398446905,166.87923673540183,184.42479487307548,178.8987140335692,178.40726021047834,178.2832552961181
Dog,0.378902792930603,0.6619051694869995,-0.0023179843556135893,0.9942427277565002,0.36151817440986633,0.6636362075805664,-0.030825180932879448,0.987950325012207,0.36012449860572815,0.6614712476730347,-0.031237205490469933,0.990938663482666,0.3587336242198944,0.6590011119842529,-0.031185295432806015,0.991332471370697,0.36170899868011475,0.6631207466125488,0.009429747238755226,0.9914058446884155,0.36063235998153687,0.6609503030776978,0.008863219060003757,0.995425283908844,0.35928088426589966,0.658631443977356,0.008705143816769123,0.9947354197502136,0.3553393483161926,0.6311166286468506,-0.1082405149936676,0.9927846193313599,0.3564341962337494,0.6329056024551392,0.07557361572980881,0.9840861558914185,0.38994479179382324,0.6406642198562622,-0.019728953018784523,0.9802844524383545,0.3899942636489868,0.6418726444244385,0.0308630783110857,0.9758676290512085,0.3775353729724884,0.5399547815322876,-0.16173560917377472,0.9995526671409607,0.38230714201927185,0.5313640832901001,0.17687754333019257,0.9967055916786194,0.30827391147613525,0.689889132976532,-0.3076938986778259,0.9455788135528564,0.31484535336494446,0.6526802778244019,0.21244357526302338,0.007709952536970377,0.22860030829906464,0.8025765419006348,-0.2986368238925934,0.9151301980018616,0.24590982496738434,0.724722683429718,0.0183391235768795,0.0556979775428772,0.2001611441373825,0.815941333770752,-0.34308087825775146,0.8784784078598022,0.2234637439250946,0.7200571298599243,0.003005540231242776,0.16557414829730988,0.1966012716293335,0.802444338798523,-0.31473901867866516,0.8594629764556885,0.22155341506004333,0.7220796942710876,-0.03586295247077942,0.1703650951385498,0.20541150867938995,0.7994253635406494,-0.2866811156272888,0.803382396697998,0.22893670201301575,0.7279183268547058,-0.004977779928594828,0.13919885456562042,0.5689775347709656,0.2899605333805084,-0.11731218546628952,0.9990670084953308,0.5626236200332642,0.29508790373802185,0.11709234863519669,0.9988241791725159,0.6762386560440063,0.5218397378921509,-0.021253885701298714,0.6144044995307922,0.6688207387924194,0.5160757899284363,0.2043525129556656,0.002370579866692424,0.7697020769119263,0.7224860191345215,0.08700104057788849,0.6026764512062073,0.7502849102020264,0.682826042175293,0.327327162027359,0.010639703832566738,0.7919613122940063,0.7648715972900391,0.08906065672636032,0.8769671320915222,0.7696785926818848,0.7127209901809692,0.3334636688232422,0.0390082411468029,0.7171651721000671,0.7827425003051758,-0.006680843885987997,0.7616940140724182,0.7029606103897095,0.7595128417015076,0.25144633650779724,0.032592397183179855,192.5449156028832,194.8545872509339,194.7464821517663,170.7975916528161,179.37098961676938,179.56002399333525
Dog,0.503250777721405,0.7184091806411743,-0.03452349454164505,0.999908447265625,0.5159530639648438,0.7272143959999084,-0.026997456327080727,0.9995966553688049,0.5183043479919434,0.7258131504058838,-0.02734975889325142,0.9998550415039062,0.5205370783805847,0.7239150404930115,-0.027267104014754295,0.9996243715286255,0.5165038108825684,0.728908121585846,-0.06414611637592316,0.9997372031211853,0.5192803144454956,0.7289720773696899,-0.06460385024547577,0.9999401569366455,0.5219701528549194,0.7289217114448547,-0.0648036003112793,0.999864935874939,0.5311312675476074,0.703453779220581,0.03729458525776863,0.9998494386672974,0.5332078337669373,0.7079340219497681,-0.1346377730369568,0.9999246597290039,0.503730297088623,0.6985160708427429,0.0023186819162219763,0.9995231628417969,0.5055463910102844,0.7012059688568115,-0.051212843507528305,0.9995817542076111,0.5213258266448975,0.6159734725952148,0.1297442466020584,0.9999548196792603,0.5295356512069702,0.649560809135437,-0.16702817380428314,0.9999984502792358,0.5642073154449463,0.7310025095939636,0.25277090072631836,0.09753198176622391,0.5783911347389221,0.7928347587585449,-0.3236537277698517,0.9991251826286316,0.6169055104255676,0.7973477244377136,0.1670275181531906,0.5217640399932861,0.6483207941055298,0.9086256623268127,-0.3246837854385376,0.9993114471435547,0.6363186836242676,0.8110936880111694,0.1783927083015442,0.8141003251075745,0.6751117706298828,0.9367203712463379,-0.3746221959590912,0.9983633160591125,0.6413819789886475,0.8148431777954102,0.1362827569246292,0.8256933093070984,0.6806288361549377,0.9304944276809692,-0.3421883285045624,0.9980883002281189,0.6345480680465698,0.8158552646636963,0.15052400529384613,0.8181111812591553,0.671807050704956,0.9207061529159546,-0.3155845105648041,0.9969115853309631,0.36536580324172974,0.41154658794403076,0.09899460524320602,0.9999620914459229,0.3670305013656616,0.3945806920528412,-0.09949295967817307,0.9999897480010986,0.29413288831710815,0.6059771776199341,0.23220673203468323,0.9216426610946655,0.23216599225997925,0.2637040615081787,-0.15120746195316315,0.9996851682662964,0.2456757128238678,0.7809978127479553,0.3231780230998993,0.9860807657241821,0.11298786103725433,0.09975063800811768,-0.14460568130016327,0.9995749592781067,0.22466085851192474,0.8143307566642761,0.32553812861442566,0.9920097589492798,0.09268471598625183,0.05746984854340553,-0.14666642248630524,0.998382568359375,0.29707393050193787,0.82853102684021,0.2943595051765442,0.9958577752113342,0.07703739404678345,0.19333533942699432,-0.2571178376674652,0.9994168281555176,159.22774531795415,164.23598882734848,160.0431358180267,197.14644642077457,173.0425010867481,189.26909754343856
Tree,0.5083650946617126,0.24062898755073547,-0.4900820255279541,0.9999336004257202,0.5196356177330017,0.22573314607143402,-0.43673253059387207,0.9999529123306274,0.5303515195846558,0.2264651656150818,-0.43722406029701233,0.9999210834503174,0.5359205007553101,0.22652757167816162,-0.4369576871395111,0.9999560117721558,0.4908650815486908,0.22733697295188904,-0.4270923137664795,0.999964714050293,0.482734739780426,0.22865380346775055,-0.4277484118938446,0.9999550580978394,0.47278743982315063,0.2307625710964203,-0.42811912298202515,0.9999713897705078,0.5409467220306396,0.23410099744796753,-0.15607264637947083,0.9999368190765381,0.4628232419490814,0.24081827700138092,-0.11685024201869965,0.9998753070831299,0.5271574854850769,0.25620174407958984,-0.38357892632484436,0.9999330043792725,0.49403414130210876,0.2572095990180969,-0.3765747845172882,0.9998922348022461,0.6348966956138611,0.3373151421546936,-0.07483473420143127,0.9998940229415894,0.39410820603370667,0.3409789800643921,0.04869293421506882,0.9992959499359131,0.7141410708427429,0.42197391390800476,-0.3547952175140381,0.9406418204307556,0.34726566076278687,0.4490971565246582,-0.2704889476299286,0.8641592264175415,0.5533543229103088,0.39318233728408813,-0.7707493901252747,0.9130358099937439,0.48866426944732666,0.38852787017822266,-0.8590174317359924,0.9117627739906311,0.5336004495620728,0.36775368452072144,-0.8674376606941223,0.8520374894142151,0.5062273740768433,0.36137714982032776,-0.9880236983299255,0.849349319934845,0.533785879611969,0.3586084842681885,-0.8440700173377991,0.8338133096694946,0.5031937956809998,0.35040271282196045,-0.9619114995002747,0.8278091549873352,0.5360499024391174,0.3676813244819641,-0.765174925327301,0.720674991607666,0.5022313594818115,0.3613748252391815,-0.8648338317871094,0.7445855736732483,0.5629855394363403,0.5541160702705383,-0.050989504903554916,0.9999780654907227,0.42949673533439636,0.5387301445007324,0.05074535310268402,0.9999635219573975,0.5254645347595215,0.7285764217376709,-0.16098341345787048,0.9618290066719055,0.20771491527557373,0.6061151027679443,-0.5607957243919373,0.9584134817123413,0.4956044852733612,0.8930176496505737,0.15485453605651855,0.9814706444740295,0.4681852161884308,0.6087797284126282,0.05956251546740532,0.5283971428871155,0.48926931619644165,0.914078950881958,0.1758742481470108,0.8315510749816895,0.5099585652351379,0.6006201505661011,0.1254201978445053,0.45563071966171265,0.49690571427345276,0.9512032270431519,-0.1654643714427948,0.9646039605140686,0.5131690502166748,0.6747675538063049,-0.07467927783727646,0.6113662719726562,316.56467897288945,41.030736543280504,43.550928774549035,22.603486703771093,178.670164496611,25.87000758896632
Tree,0.4675089716911316,0.14843305945396423,-0.2270974963903427,0.9999954700469971,0.4749636948108673,0.13389867544174194,-0.20524413883686066,0.9999929666519165,0.480309396982193,0.1347346305847168,-0.20550407469272614,0.9999927282333374,0.4852710962295532,0.13524344563484192,-0.20544607937335968,0.9999935626983643,0.4624920189380646,0.13269922137260437,-0.20405979454517365,0.9999967813491821,0.45855021476745605,0.13299551606178284,-0.2043216973543167,0.9999977350234985,0.45417702198028564,0.13286933302879333,-0.20442840456962585,0.9999979734420776,0.491632878780365,0.143686443567276,-0.07739823311567307,0.9999953508377075,0.4488922655582428,0.14067643880844116,-0.07318391650915146,0.9999945163726807,0.4770379066467285,0.1665610671043396,-0.17739158868789673,0.9999949932098389,0.46124500036239624,0.16256746649742126,-0.17814292013645172,0.9999971389770508,0.5273539423942566,0.25936537981033325,-0.009014803916215897,0.999992847442627,0.4131302833557129,0.2619771659374237,-0.012720279395580292,0.9999955892562866,0.5570644736289978,0.37859994173049927,-0.11838386207818985,0.8490812182426453,0.3932623267173767,0.38650399446487427,-0.16713762283325195,0.6195557713508606,0.48430415987968445,0.30747199058532715,-0.3323565125465393,0.9473390579223633,0.4609919786453247,0.3072492480278015,-0.4006962776184082,0.9666773080825806,0.4715788960456848,0.2774312198162079,-0.37660014629364014,0.9697815179824829,0.4674713611602783,0.27523723244667053,-0.4525342881679535,0.9775334000587463,0.47537535429000854,0.26886415481567383,-0.3652089238166809,0.9664962887763977,0.46674031019210815,0.2663061320781708,-0.4328783452510834,0.9724060893058777,0.4773266315460205,0.27787333726882935,-0.3300023376941681,0.937871515750885,0.4665634334087372,0.2763715386390686,-0.3986879289150238,0.961309552192688,0.5115111470222473,0.4828663170337677,0.0207974836230278,0.9999961853027344,0.44636037945747375,0.49447599053382874,-0.021177204325795174,0.9999986886978149,0.6244157552719116,0.6075745224952698,-0.043033137917518616,0.9163826704025269,0.47035521268844604,0.6988469362258911,-0.043855056166648865,0.97867351770401,0.4972935616970062,0.5736143589019775,0.27390456199645996,0.7406666874885559,0.48787012696266174,0.8893392086029053,0.07514002919197083,0.9963853359222412,0.4813745319843292,0.5587237477302551,0.30489474534988403,0.6803911328315735,0.48988622426986694,0.9091367721557617,0.08505706489086151,0.9523910284042358,0.48330867290496826,0.6556969881057739,0.2274753749370575,0.8628153800964355,0.4903206527233124,0.9398664832115173,-0.062488146126270294,0.991353452205658,323.3386617482827,38.96777185301847,26.731032590798822,25.029943256834713,333.4877335244276,181.89621224156986
Tree,0.5456621646881104,0.17853663861751556,-0.2760082483291626,0.9980460405349731,0.5488642454147339,0.1603318452835083,-0.2531755268573761,0.998730480670929,0.5530489087104797,0.160837784409523,-0.25345149636268616,0.9981216788291931,0.555916965007782,0.1612255573272705,-0.2533565163612366,0.9989882111549377,0.5371957421302795,0.15826988220214844,-0.2570054233074188,0.9988757967948914,0.5320062041282654,0.1581745743751526,-0.2573508620262146,0.9986637830734253,0.5269092321395874,0.15858368575572968,-0.2576056122779846,0.9991951584815979,0.5520948767662048,0.1690915822982788,-0.1080416589975357,0.9988264441490173,0.5159947872161865,0.16766169667243958,-0.127171590924263,0.9974416494369507,0.5500921010971069,0.1949937790632248,-0.21780343353748322,0.9985973238945007,0.5372349619865417,0.19542744755744934,-0.22528943419456482,0.9978019595146179,0.5845827460289001,0.28513675928115845,-0.016975020989775658,0.9997574687004089,0.47872084379196167,0.27626630663871765,-0.036610059440135956,0.9980794191360474,0.6069166660308838,0.4217751622200012,-0.10589919239282608,0.5673964619636536,0.45906534790992737,0.4209922254085541,-0.11065908521413803,0.6737174391746521,0.5616253614425659,0.3678627610206604,-0.35619163513183594,0.8018944263458252,0.5410172343254089,0.364989697933197,-0.3142317831516266,0.7949851751327515,0.5583996176719666,0.3416154980659485,-0.40688568353652954,0.8137568831443787,0.5542080998420715,0.3407434821128845,-0.3647509217262268,0.7520325779914856,0.5580069422721863,0.32728245854377747,-0.4073885977268219,0.8070841431617737,0.548924446105957,0.32337361574172974,-0.3619203567504883,0.731465220451355,0.5565434694290161,0.33431556820869446,-0.35969051718711853,0.6706770062446594,0.5451856255531311,0.3305351436138153,-0.3173040747642517,0.5988982915878296,0.5590313076972961,0.5231366753578186,0.001095089130103588,0.999974250793457,0.4966062903404236,0.5173557996749878,-0.0012572063133120537,0.9999370574951172,0.5341417193412781,0.7299129366874695,0.01743493229150772,0.9590420126914978,0.4192480146884918,0.6769604086875916,-0.1359512060880661,0.934844434261322,0.5092067718505859,0.9011188745498657,0.16942395269870758,0.9937629103660583,0.5179240703582764,0.6044069528579712,0.26996272802352905,0.46861913800239563,0.5017789006233215,0.9220339059829712,0.18050594627857208,0.943585991859436,0.5325513482093811,0.5835509300231934,0.31428971886634827,0.37859484553337097,0.5281267762184143,0.9560729265213013,0.03763542324304581,0.986531674861908,0.5340151190757751,0.6860346794128418,0.2577328681945801,0.49890822172164917,322.16463606565236,54.21521336652488,22.842361558976087,17.814413628676636,182.04531345651162,27.747469913468283
Tree,0.6162862777709961,0.12619701027870178,-0.21613234281539917,0.9996984004974365,0.625100314617157,0.11124834418296814,-0.19139060378074646,0.9997510313987732,0.6304054260253906,0.11163800954818726,-0.1916189193725586,0.9995743632316589,0.6344157457351685,0.11147543787956238,-0.19148820638656616,0.9997743964195251,0.6102128028869629,0.11018049716949463,-0.18522877991199493,0.9998093247413635,0.606290876865387,0.11043712496757507,-0.18555359542369843,0.9997627139091492,0.6026461124420166,0.11013764142990112,-0.18575891852378845,0.9998619556427002,0.6392063498497009,0.11943283677101135,-0.0482168011367321,0.9997313618659973,0.5970845222473145,0.11805287003517151,-0.022635160014033318,0.9994992017745972,0.6252718567848206,0.14377623796463013,-0.1604442596435547,0.9997932314872742,0.6102607846260071,0.14026114344596863,-0.15512678027153015,0.9996742010116577,0.67592453956604,0.23395153880119324,0.011626159772276878,0.9998742341995239,0.5627208948135376,0.23956316709518433,0.0764375701546669,0.9994068145751953,0.7144468426704407,0.3568587303161621,-0.08483871817588806,0.9170646071434021,0.5230807065963745,0.3600844144821167,-0.03258363902568817,0.8563981056213379,0.6329410672187805,0.3294912278652191,-0.2882809340953827,0.9166947603225708,0.6027892827987671,0.32480302453041077,-0.30439022183418274,0.9256539940834045,0.6234356760978699,0.2981905937194824,-0.33707016706466675,0.875646710395813,0.6125872731208801,0.29451319575309753,-0.36436927318573,0.8821160793304443,0.6243258118629456,0.28996074199676514,-0.32758790254592896,0.8615726232528687,0.6146724820137024,0.2858228087425232,-0.3559918701648712,0.8641467690467834,0.6260027289390564,0.30189716815948486,-0.2857102155685425,0.7503853440284729,0.6133781671524048,0.2977827787399292,-0.30779576301574707,0.7845762968063354,0.6382072567939758,0.4959990680217743,-0.022133203223347664,0.9999853372573853,0.5739797949790955,0.4873533546924591,0.02199484594166279,0.9999780654907227,0.6190577149391174,0.7117404341697693,-0.020432977005839348,0.965070366859436,0.4581049382686615,0.5957661867141724,-0.18101412057876587,0.9797179698944092,0.5986829996109009,0.8931460380554199,0.19616660475730896,0.9918367266654968,0.5814277529716492,0.6425507068634033,0.18961791694164276,0.8088023066520691,0.5936781764030457,0.9140148162841797,0.21295613050460815,0.8978648781776428,0.6012988090515137,0.6287633180618286,0.22862181067466736,0.6352429986000061,0.5983250737190247,0.9511280059814453,0.047254592180252075,0.9821955561637878,0.6016402244567871,0.7283207774162292,0.12693630158901215,0.8015541434288025,307.8098613303616,47.07804759698724,37.422129022419256,30.27293462108849,182.0266424792918,45.89999269313548
Tree,0.49868538975715637,0.20252391695976257,-0.1897716373205185,0.9999794960021973,0.5045539736747742,0.18983156979084015,-0.17011889815330505,0.9999773502349854,0.5073758959770203,0.19024796783924103,-0.17032212018966675,0.9999762773513794,0.5095747113227844,0.19084540009498596,-0.17028844356536865,0.9999803304672241,0.4936014711856842,0.18979904055595398,-0.17383742332458496,0.9999865293502808,0.4905097484588623,0.19009855389595032,-0.17403382062911987,0.9999896287918091,0.48749101161956787,0.19040152430534363,-0.17412544786930084,0.9999905824661255,0.5117670297622681,0.1985936313867569,-0.06294204294681549,0.9999881982803345,0.4836331307888031,0.19745266437530518,-0.07995402067899704,0.9999761581420898,0.5035374164581299,0.21566493809223175,-0.1486048549413681,0.9999887943267822,0.4927815794944763,0.2149239033460617,-0.15492874383926392,0.999991774559021,0.5377941131591797,0.2910439968109131,0.0011501823319122195,0.9999887943267822,0.45898178219795227,0.2886132001876831,-0.04247226566076279,0.9999871253967285,0.5526617765426636,0.39981043338775635,-0.08015534281730652,0.8941031694412231,0.44337698817253113,0.3971451222896576,-0.167448490858078,0.8170979022979736,0.5110313892364502,0.34805530309677124,-0.27384233474731445,0.979850172996521,0.4899291396141052,0.3466683030128479,-0.35024043917655945,0.9708407521247864,0.5054383873939514,0.3211004137992859,-0.31142646074295044,0.9856491684913635,0.4966019093990326,0.31956708431243896,-0.3941190838813782,0.9745049476623535,0.5063143372535706,0.3120468556880951,-0.30996692180633545,0.9841952323913574,0.4947548806667328,0.309635728597641,-0.38187405467033386,0.9688525199890137,0.5060765743255615,0.3193160891532898,-0.2763158977031708,0.9666837453842163,0.49374663829803467,0.31924599409103394,-0.3498588800430298,0.9480538368225098,0.5230501294136047,0.47207167744636536,0.024559279903769493,0.9999926090240479,0.4817972779273987,0.48130175471305847,-0.024769755080342293,0.9999966621398926,0.6056529879570007,0.5571877360343933,-0.0492689274251461,0.9792463183403015,0.4948972165584564,0.6553980708122253,-0.04916409030556679,0.9919037222862244,0.5187747478485107,0.5568215847015381,0.18377229571342468,0.8607359528541565,0.5065959095954895,0.8049882650375366,0.05265761911869049,0.9978561997413635,0.506067156791687,0.5397733449935913,0.20594564080238342,0.7646714448928833,0.5097863674163818,0.8195449113845825,0.06099223345518112,0.9639943838119507,0.5093230605125427,0.6262237429618835,0.14154376089572906,0.9061672687530518,0.5079595446586609,0.85103839635849,-0.0495934933423996,0.9939131140708923,318.7528053103499,44.3799222383533,21.890887465947223,26.072093825366025,330.12709232413425,179.62307511598416
Tree,0.5130695104598999,0.16415774822235107,-0.31787335872650146,0.9997827410697937,0.5282443165779114,0.14982721209526062,-0.2808639407157898,0.9998337030410767,0.5405192375183105,0.15008971095085144,-0.2813309133052826,0.9996911287307739,0.5472398996353149,0.1501714289188385,-0.2811468541622162,0.9998515844345093,0.5023943781852722,0.14919906854629517,-0.26547616720199585,0.9998713731765747,0.4951951205730438,0.14925938844680786,-0.2662102282047272,0.9998199343681335,0.487270325422287,0.14879411458969116,-0.26662495732307434,0.9999068975448608,0.5582743883132935,0.1564140021800995,-0.061081718653440475,0.999828577041626,0.4751907289028168,0.1551731526851654,0.002603535307571292,0.9996622800827026,0.5316893458366394,0.18129399418830872,-0.23095691204071045,0.9996849298477173,0.5027995109558105,0.1791253685951233,-0.21699953079223633,0.999487042427063,0.6370817422866821,0.25926196575164795,-0.014282284304499626,0.9996658563613892,0.408992737531662,0.2639203369617462,0.1536639928817749,0.9986959099769592,0.7063145637512207,0.3486662209033966,-0.23250430822372437,0.8884223103523254,0.33733469247817993,0.3559421896934509,-0.07668831944465637,0.824882447719574,0.5314041376113892,0.2999574542045593,-0.47039660811424255,0.7622320652008057,0.4987567365169525,0.2986636161804199,-0.48148441314697266,0.8599317669868469,0.517132043838501,0.2711738348007202,-0.5316279530525208,0.6402909159660339,0.5170782804489136,0.26961514353752136,-0.5613324642181396,0.7621414065361023,0.5199233889579773,0.26403531432151794,-0.48799997568130493,0.5890021920204163,0.5157619714736938,0.2632429003715515,-0.5311877727508545,0.7206772565841675,0.524018406867981,0.27617132663726807,-0.4515034258365631,0.46414369344711304,0.5129580497741699,0.2743834853172302,-0.47997531294822693,0.6396937966346741,0.5741780996322632,0.5195547342300415,-0.057294346392154694,0.9999862909317017,0.44016849994659424,0.5070163607597351,0.05694561079144478,0.9999756813049316,0.5370661020278931,0.7141839265823364,-0.041160084307193756,0.9538267850875854,0.21330365538597107,0.6240301132202148,-0.2842969000339508,0.9230343103408813,0.4977445602416992,0.8909729719161987,0.19752971827983856,0.985506534576416,0.472650408744812,0.5903558731079102,0.3890569806098938,0.33407890796661377,0.4851047694683075,0.9160380363464355,0.21420592069625854,0.8929623365402222,0.5099804401397705,0.5722809433937073,0.4644790589809418,0.3301195502281189,0.5440205931663513,0.9289130568504333,-0.049001771956682205,0.9651088118553162,0.512244462966919,0.6683059930801392,0.3696880042552948,0.3613554835319519,319.98544885059835,34.66057551520673,36.43459854185133,32.165178894053525,180.75848137653742,26.9423928590019
Tree,0.5290560126304626,0.1340394914150238,-0.22081682085990906,0.9996738433837891,0.5460996627807617,0.12043263763189316,-0.17737120389938354,0.9997194409370422,0.5546112656593323,0.12112078070640564,-0.17781315743923187,0.9995243549346924,0.5633397102355957,0.12197574973106384,-0.1775226891040802,0.9997512698173523,0.516791045665741,0.11906550079584122,-0.1600721776485443,0.9998014569282532,0.5082022547721863,0.11951050162315369,-0.16078199446201324,0.9997610449790955,0.501382052898407,0.11998212337493896,-0.1611897051334381,0.9998732805252075,0.5739341974258423,0.12858015298843384,0.060268811881542206,0.9996232986450195,0.4922041893005371,0.12669330835342407,0.13402147591114044,0.9994792342185974,0.5462567806243896,0.15000706911087036,-0.1281096190214157,0.9997081160545349,0.5147467851638794,0.15212330222129822,-0.11112213134765625,0.999592125415802,0.6550465226173401,0.2317977100610733,0.13460275530815125,0.9998615980148315,0.42057719826698303,0.23079097270965576,0.2853570878505707,0.9996793270111084,0.7228332757949829,0.35186049342155457,-0.09567425400018692,0.7576491236686707,0.3201513886451721,0.3381015360355377,0.08047555387020111,0.7291942238807678,0.5579119920730591,0.31182748079299927,-0.5196289420127869,0.8200657963752747,0.4854242205619812,0.3062816262245178,-0.455209344625473,0.8957122564315796,0.540486752986908,0.28178322315216064,-0.6190131902694702,0.7899926900863647,0.5078489184379578,0.277549147605896,-0.569091260433197,0.8572893738746643,0.5422994494438171,0.27291035652160645,-0.5979108214378357,0.7689972519874573,0.5091173648834229,0.2703196406364441,-0.5534646511077881,0.8370490670204163,0.544015645980835,0.28523319959640503,-0.5145539045333862,0.6241723299026489,0.5070849061012268,0.2803340554237366,-0.4621005654335022,0.7530354857444763,0.5638604164123535,0.4703083038330078,-0.053864624351263046,0.9999854564666748,0.43633967638015747,0.45277920365333557,0.05346754565834999,0.9999772310256958,0.5406311750411987,0.6677203178405762,-0.09983490407466888,0.9060954451560974,0.18903890252113342,0.5423698425292969,-0.3379915952682495,0.883230984210968,0.49510282278060913,0.8413523435592651,0.23823323845863342,0.9726837873458862,0.4497636556625366,0.5417471528053284,0.4183885455131531,0.2932341694831848,0.4850941300392151,0.8608996868133545,0.2630830705165863,0.8084981441497803,0.4951522648334503,0.5267009139060974,0.5001183152198792,0.25751471519470215,0.5055124163627625,0.892967939376831,-0.05140833556652069,0.9426665902137756,0.5024572610855103,0.6228165626525879,0.3495182693004608,0.3288847804069519,310.6012946450045,42.34810443659619,35.69991012166218,35.21131776099879,186.07754489253185,27.718501628183358
